Model,Accuracy,Average Levenshtein Distance,Precision,Recall,F1 Score
PySpellChecker,0.6428571428571429,0.6285714285714286,0.5,0.17857142857142858,0.2631578947368421
TextBlob,0.6285714285714286,0.6571428571428571,0.5,0.18571428571428572,0.2708333333333333
Fine-tuned Model,0.0,23.114285714285714,1.0,1.0,1.0
GPT-3.5,0.7285714285714285,0.9142857142857143,0.5,0.1357142857142857,0.21348314606741572
