Model,Accuracy,Average Levenshtein Distance,Precision,Recall,F1 Score

PySpellChecker,0.7285714285714285,0.5857142857142857,0.5,0.1357142857142857,0.21348314606741572

TextBlob,0.7142857142857143,0.6285714285714286,0.5,0.14285714285714285,0.2222222222222222

Fine-tuned Model,0.0,26.37142857142857,1.0,1.0,1.0

GPT-3.5,0.7,1.1571428571428573,0.5,0.15,0.23076923076923078

