Model,Accuracy,Average Levenshtein Distance,Precision,Recall,F1 Score
PySpellChecker,0.7714285714285715,0.44285714285714284,0.5,0.11428571428571428,0.18604651162790697
TextBlob,0.7285714285714285,0.5,0.5,0.1357142857142857,0.21348314606741572
Fine-tuned Model,0.0,23.442857142857143,1.0,1.0,1.0
GPT-3.5,0.7714285714285715,0.5857142857142857,0.5,0.11428571428571428,0.18604651162790697
